﻿<?xml version="1.0"?>
<doc>
<assembly>
<name>
AccessDotNetConverter
</name>
</assembly>
<members>
<member name="P:AccessDotNetConverter.AccessToDotNetControl.ParentControl">
	<summary>
 The parent control of the current control.
 This is to satisfy the classic control hierarchy on Microsoft windows
 </summary>
</member><member name="P:AccessDotNetConverter.AccessToDotNetControl.controlDeclarationCode">
	<summary>
 The control declaration code.
 For example: 
 Friend WithEvents xx As Textbox
 </summary>
</member><member name="P:AccessDotNetConverter.AccessToDotNetControl.controlLayoutCode">
	<summary>
 This is the object properties set to control the appearance, position, size, etc of the control
 </summary>
</member><member name="P:AccessDotNetConverter.AccessToDotNetControl.controlAddCode">
	<summary>
 The code generated to add the control on to its parent control
 </summary>
</member><member name="P:AccessDotNetConverter.AccessToDotNetControl.controlInstantiationCode">
	<summary>
 The code generated to instantiate the control. For example:
 <code>xx = New Textbox</code>
	</summary>
</member><member name="F:AccessDotNetConverter.AccessToDotNetControl._accessControl">
	<summary>
 A reference to the Access Control that will be converted to a .net control
 </summary>
</member><member name="F:AccessDotNetConverter.AccessToDotNetControl._dotNetInstanceName">
	<summary>
 The .Net instance name of the access control.
 </summary>
</member><member name="F:AccessDotNetConverter.AccessToDotNetControl._dotNetType">
	<summary>
 The .Net type of the access control.
 </summary>
</member><member name="P:AccessDotNetConverter.AccessToDotNetControl.Name">
	<summary>
 The name of the control, as it is in Access
 </summary>
	<remarks>
 To modify rules of control names, write a class that implements interface INamingHandler
 and specify it in the configuration file  
</remarks>
</member><member name="P:AccessDotNetConverter.AccessToDotNetControl.dotnetParentControlName">
	<summary>
 Strign Property used to prefix controls addition.
 For example, for control "EmployeeTypeID", on Form then we 
 probably want this to return "Me."
 Me.Controls.Add(Me.EmployeeTypeID)
 
 For example, for control "EmployeeTypeID", that is on a panel cotrol called "panel1" then we 
 want this to return "panel1."
 panel1.Controls.Add(Me.EmployeeTypeID)
 </summary>
</member><member name="P:AccessDotNetConverter.AccessToDotNetControl.dotNetInstanceName">
	<summary>
 The instance name if the control in .NET
 </summary>
	<remarks>
 For any object whose parent is null, this method will return "Me".
 For all other controls, the name of the control
 </remarks>
</member><member name="P:AccessDotNetConverter.AccessToDotNetControl.dotNetName">
	<summary>
 The name if the control in .NET
 </summary>
	<remarks>
	</remarks>
</member><member name="M:AccessDotNetConverter.AccessToDotNetControl.getControlLabel">
	<summary>
 Returns the access label associated with this control
 </summary>
</member><member name="M:AccessDotNetConverter.AccessToDotNetControl.getControlAddToContainerCode">
	<summary>
 Returns the code required to add the control to its contaner
 For example, for a control with name "FirstName", with parent the Form, this function will return 
 <pre>me.Controls.Add(me.FirstName)</pre>
 
 For example, for a control with name "FirstName", with parent a tab control named "InfoTab", this function will return 
 <pre>me.InfoTab.Controls.Add(me.FirstName)</pre>
	</summary>
	<returns></returns>
	<remarks></remarks>
</member><member name="P:AccessDotNetConverter.My.Resources.Resources.ResourceManager">
	<summary>
  Returns the cached ResourceManager instance used by this class.
</summary>
</member><member name="P:AccessDotNetConverter.My.Resources.Resources.Culture">
	<summary>
  Overrides the current thread's CurrentUICulture property for all
  resource lookups using this strongly typed resource class.
</summary>
</member><member name="T:AccessDotNetConverter.My.Resources.Resources">
	<summary>
  A strongly-typed resource class, for looking up localized strings, etc.
</summary>
</member><member name="P:AccessDotNetConverter.AccessToDotNetTab.getChildControls">
	<summary>
 The tab cobtrol does not have a "childControls" property so we use the "Pages" property
 </summary>
</member><member name="T:AccessDotNetConverter.AcControlType">
	<summary>
 This enumeration mirros the access AcControlType enumeration, with the addition of acForm
 </summary>
</member><member name="P:AccessDotNetConverter.AccessToDotNetForm.dotnetParentControlName">
	<summary>
 Used by getControlAddToContainerCode method
 </summary>
</member><member name="T:AccessDotNetConverter.NoConversionNameHandler">
	<summary>
 Simply return the Access Control name and use that as a .NET name
 </summary>
</member><member name="M:AccessDotNetConverter.frmMain.checkCommandLine">
	<summary>
 Checks the command line arguments and goes into command line mode if the proper arguments 
 are supplied
 </summary>
	<returns></returns>
	<remarks>
 Syntax of Command line:
 1. <code>AccessDotNetConverter -form [formname] -configFile [configfile]</code>
 Loads the config file specified in "configFile" parameter, and converts form name specified in parameter - form
 2. <code>AccessDotNetConverter -form [formname] -sourceAccessDatabase [path to ms access database]</code>
 Converts form name specified in parameter "form" from the access database specified in the "sourceAccessDatabase" parameter. 
 The configuration file used is the default configuration file of the application
 <code></code>
	</remarks>
</member><member name="P:AccessDotNetConverter.AccessConversionContext.Config">
	<summary>
 A reference to the configuration XML file
 </summary>
</member><member name="P:AccessDotNetConverter.AccessConversionContext.ControlsNameHandler">
	<summary>
 Gets/Sets the class that implements interface INamingHandler, 
 that handles conversion of MS Access object names to .NET object names
 </summary>
	<remarks>Config File option:namingHandler</remarks>
</member><member name="P:AccessDotNetConverter.AccessConversionContext.defaultBaseForm">
	<summary>
 Gets/Sets the name of the base Form of the converted MS Accss Forms
 </summary>
	<remarks>Normally, this would be <code>System.Windows.Forms.Form</code>
 But you could have your own Base form and specify it in the configuration file.
 </remarks>
</member><member name="P:AccessDotNetConverter.AccessConversionContext.dotNetProjectPath">
	<summary>
 The root .Net project path to write the produced form files
 </summary>
</member><member name="P:AccessDotNetConverter.AccessConversionContext.sourceAccessDatabase">
	<summary>
 The Source access dataabase (ADP or MDB) to convert form(s)
 </summary>
</member><member name="P:AccessDotNetConverter.AccessConversionContext.convertedFilesExtension">
	<summary>
 The file extension, .vb for Visual Basic, or .cs for C#
 </summary>
</member><member name="P:AccessDotNetConverter.AccessConversionContext.processedControls">
	<summary>
 MS Access automation returns the control collection of a Form both in a flat and a hierchical way
 So if a control is a child of a tab page, it will appear twice will processing, one 
 under the Form and once under the tab control.  This List keeps names of processed 
 controls to avoid double processing
 </summary>
</member><member name="M:AccessDotNetConverter.AccessConversionContext.current">
	<summary>
 Returns the Singleton object instance
 </summary>
</member><member name="M:AccessDotNetConverter.AccessConversionContext.setCurrent(System.String)">
	<summary>
 Sets the Singleton object instance from a new config file.
 </summary>
</member><member name="M:AccessDotNetConverter.AccessConversionContext.#ctor(System.String)">
	<summary>
 Creates a new context from the specified config file
 </summary>
</member><member name="P:AccessDotNetConverter.AccessConversionContext.AccessApplication">
	<summary>
 Gets the  MS Access COM automation object
 </summary>
</member><member name="M:AccessDotNetConverter.AccessConversionContext.openAccessDatabase">
	<summary>
 Create an MS Access COM automation object, and open the MS Acces database.
 The instantiation of the MS Access COM automation object happens 
 by calling <code>Marshal.GetActiveObject("Access.Application")</code> first
 and then  <code>CreateObject("Access.Application")</code>
	</summary>
	<remarks></remarks>
</member><member name="M:AccessDotNetConverter.AccessConversionContext.getAllAccessForms">
	<summary>
 Returns a list of the names in the open access database
 </summary>
	<returns></returns>
	<remarks></remarks>
</member><member name="M:AccessDotNetConverter.AccessConversionContext.closeAndReleaseAccessCOM">
	<summary>
 Closes and releases the MS Access COM reference
 </summary>
	<remarks></remarks>
</member><member name="T:AccessDotNetConverter.AccessConversionContext">
	<summary>
 Singleton Class for the Context of the Conversion
 </summary>
</member>
</members>
</doc>