﻿<?xml version="1.0"?>
<doc>
<assembly>
<name>
ConvertedMSAccessControls
</name>
</assembly>
<members>
<member name="F:ConvertedMSAccessControls.AccessListBox._RowSource">
	<summary>
 Allow for an SQL string to be determined as the datasource
 </summary>
</member><member name="P:ConvertedMSAccessControls.AccessListBox.RowSourceType">
	<summary>
 Allow row source type specification
 </summary>
</member><member name="P:ConvertedMSAccessControls.AccessListBox.RowSource">
	<summary>
 Allow for an SQL string to be determined as the datasource
 </summary>
</member><member name="F:ConvertedMSAccessControls.AccessCombo._RowSource">
	<summary>
 Allow for an SQL string to be determined as the datasource
 </summary>
</member><member name="P:ConvertedMSAccessControls.AccessCombo.RowSourceType">
	<summary>
 Allow row source type specification
 </summary>
</member><member name="P:ConvertedMSAccessControls.AccessCombo.RowSource">
	<summary>
 Allow for an SQL string to be determined as the datasource
 </summary>
</member><member name="P:ConvertedMSAccessControls.My.Resources.Resources.ResourceManager">
	<summary>
  Returns the cached ResourceManager instance used by this class.
</summary>
</member><member name="P:ConvertedMSAccessControls.My.Resources.Resources.Culture">
	<summary>
  Overrides the current thread's CurrentUICulture property for all
  resource lookups using this strongly typed resource class.
</summary>
</member><member name="T:ConvertedMSAccessControls.My.Resources.Resources">
	<summary>
  A strongly-typed resource class, for looking up localized strings, etc.
</summary>
</member>
</members>
</doc>